"_id","user","name","url","protocol","assert","__v","interval","logs.createdAt","logs.responseTime","logs.statusCode","logs.statusText","logs._id","path","port","threshold"
"64dd39bb4dd634623dca39a4","64dcc1eacda9f541747a2a83",Google,google.com,HTTPS,10,0,,,,,,,,,
"64de26311d8b8329a859aa2d","64dcc1eacda9f541747a2a83",Googles1,google.com,HTTPS,10,0,,,,,,,,,
"64de2691fbb05a06c77fffb8","64dcc1eacda9f541747a2a83",Googles2,google.com,HTTPS,10,0,,,,,,,,,
"64de2760fb5e2632e9c707ee","64dcc1eacda9f541747a2a83",Googles4,google.com,HTTPS,10,0,,,,,,,,,
"64de2852292e8aac3fb43249","64dcc1eacda9f541747a2a83",Googles5,google.com,HTTPS,10,0,3100,,,,,,,,
"64de732e591008b727b337e1","64dcc1eacda9f541747a2a83",Googles6,google.com,HTTPS,10,0,1,,,,,,,,
"64de73b69774e7fb4e0c6eec","64dcc1eacda9f541747a2a83",Googles7,google.com,HTTPS,10,0,1,,,,,,,,
"64de750d977f3b141699f8e3","64dcc1eacda9f541747a2a83",Googles8,google.com,HTTPS,10,0,1,,,,,,,,
"64de75bc8a2324857b4415e4","64dcc1eacda9f541747a2a83",Googles9,google.com,HTTPS,10,0,0,,,,,,,,
"64de76b57644729c38518370","64dcc1eacda9f541747a2a83",Googles10,google.com,HTTPS,10,0,0,,,,,,,,
"64de7a3182296b665fdcd777","64dcc1eacda9f541747a2a83",Googles11,google.com,HTTPS,10,0,0,,,,,,,,
"64de9b075e9f6df7b43cb697","64dcc1eacda9f541747a2a83",Googles12,google.com,HTTPS,10,0,0,,,,,,,,
"64de9b2ade892361e8ec9efa","64dcc1eacda9f541747a2a83",Googles13,google.com,HTTPS,10,0,0,,,,,,,,
"64de9bdd0017c53b9a0e5327","64dcc1eacda9f541747a2a83",Googles14,google.com,HTTPS,10,0,0,,,,,,,,
"64de9c27a81c4247d05282f0","64dcc1eacda9f541747a2a83",Googles15,google.com,HTTPS,10,0,0,,,,,,,,
"64de9c66fd5ce109a979b184","64dcc1eacda9f541747a2a83",Googles16,google.com,HTTPS,10,0,0,,,,,,,,
"64de9d6436360440547e6eb2","64dcc1eacda9f541747a2a83",Googles17,google.com,HTTPS,10,0,0,,,,,,,,
"64de9dfe3c7e231f8b8e0b2b","64dcc1eacda9f541747a2a83",Googles18,google.com,HTTPS,10,0,0,,,,,,,,
"64de9e84fe488be4bb3b600c","64dcc1eacda9f541747a2a83",Googles19,google.com,HTTPS,10,0,0,,,,,,,,
"64dea006c5a22c7b2de64612","64dcc1eacda9f541747a2a83",Googles20,google.com,HTTPS,10,0,0,,,,,,,,
"64dea0e14cfd6686da33e7d2","64dcc1eacda9f541747a2a83",Googles21,google.com,HTTPS,10,0,0,,,,,,,,
"64dea10e36c8ee0e9bbb3970","64dcc1eacda9f541747a2a83",Googles22,google.com,HTTPS,10,0,0,,,,,,,,
"64dea15f8f98b71cdea6a4bc","64dcc1eacda9f541747a2a83",Googles23,google.com,HTTPS,10,0,0,,,,,,,,
"64dea1b69c97889f52df25d7","64dcc1eacda9f541747a2a83",Googles24,google.com,HTTPS,10,0,0,,,,,,,,
"64dea1f33cbd3012bdc56967","64dcc1eacda9f541747a2a83",Googles25,google.com,HTTPS,10,0,0,,,,,,,,
"64dea25b3dcf633b69b1b1fd","64dcc1eacda9f541747a2a83",Googles26,google.com,HTTPS,10,0,0,,,,,,,,
"64dea3e725bb8ccd5a66734c","64dcc1eacda9f541747a2a83",Googles27,google.com,HTTPS,10,0,0,,,,,,,,
"64dea4e2f9c44659b3f0afc6","64dcc1eacda9f541747a2a83",Googles28,google.com,HTTPS,10,0,0,,,,,,,,
"64dea67b06f905d89c447c04","64dcc1eacda9f541747a2a83",Googles29,google.com,HTTPS,10,0,0,,,,,,,,
"64dea6b2541688a90bca055f","64dcc1eacda9f541747a2a83",Googles30,google.com,HTTPS,10,0,0,,,,,,,,
"64dea7793c88c2eca3941281","64dcc1eacda9f541747a2a83",Googles31,google.com,HTTPS,10,0,0,,,,,,,,
"64dea883a4ec124fe3ac0de5","64dcc1eacda9f541747a2a83",Googles32,google.com,HTTPS,10,0,0,,,,,,,,
"64dea9248db7332b427fee57","64dcc1eacda9f541747a2a83",Googles33,google.com,HTTPS,10,0,0,,,,,,,,
"64dea9328db7332b427fee63","64dcc1eacda9f541747a2a83",Googles34,google.com,HTTPS,10,0,0,,,,,,,,
"64dea99a66a9abf703702f4c","64dcc1eacda9f541747a2a83",Googles35,google.com,HTTPS,10,0,0,,,,,,,,
"64dea9c80526000083a85f18","64dcc1eacda9f541747a2a83",Googles36,google.com,HTTPS,10,0,0,,,,,,,,
"64deab1cc8e56811d7addd48","64dcc1eacda9f541747a2a83",Googles37,google.com,HTTPS,10,0,0,,,,,,,,
"64deac86c8e56811d7addd4f","64dcc1eacda9f541747a2a83",Googles38,google.com,HTTPS,10,0,0,,,,,,,,
"64deacbc413af4bc18c5f486","64dcc1eacda9f541747a2a83",Googles39,google.com,HTTPS,10,0,0,,,,,,,,
"64deacf809537adb77b4641f","64dcc1eacda9f541747a2a83",Googles40,google.com,HTTPS,10,0,0,,,,,,,,
"64deadd44ae2ebf538486447","64dcc1eacda9f541747a2a83",Googles41,google.com,HTTPS,10,0,0,,,,,,,,
"64deae1ad6647e79184bc12d","64dcc1eacda9f541747a2a83",Googles42,google.com,HTTPS,10,0,0,,,,,,,,
"64deaed82de8dd2be2f4f0a4","64dcc1eacda9f541747a2a83",Googles43,google.com,HTTPS,10,0,0,,,,,,,,
"64deaf150bc2125172aa77ee","64dcc1eacda9f541747a2a83",Googles44,google.com,HTTPS,10,0,0,,,,,,,,
"64deaf2ed4b4536f913a4642","64dcc1eacda9f541747a2a83",Googles45,google.com,HTTPS,10,0,10,2023-08-18 01:37:30.000,524,200,OK,"64deaf3dd4b4536f913a4649",,,
"64e08d1292aa55a9aa5d8c2b","64dcc1eacda9f541747a2a83",to fail,localhost,HTTPS,10,0,0,,,,,,/FAIL,3000,
"64e08d7286382d0f507fc047","64dcc1eacda9f541747a2a83",to fail1,google.com,HTTPS,10,0,0,,,,,,/FAIL,,
"64e100261b8b5740b9c0c640","64dcc1eacda9f541747a2a83",toFail_2,google.com,HTTPS,10,0,0,,,,,,/FAIL,,
"64e1011963f881ff7772fbf8","64dcc1eacda9f541747a2a83",toFail_3,url-monitoring-system.free.beeceptor.com,HTTPS,10,0,0,,,,,,/fail,,
"64e1018b53a6b4dec2b61fef","64dcc1eacda9f541747a2a83",toFail_4,url-monitoring-system.free.beeceptor.com/fail,HTTPS,10,0,0,,,,,,,,
"64e101cdc8c007a6c6cd5047","64dcc1eacda9f541747a2a83",Googles46,google.com,HTTPS,10,0,0,2023-08-19 19:54:31.000,1004,200,OK,"64e101d7c8c007a6c6cd5049",,,
"64e1021213e26ead63686fb6","64dcc1eacda9f541747a2a83",Googles47,google.com,HTTPS,10,0,0,2023-08-19 19:55:46.000,1075,200,OK,"64e1022213e26ead63686fb8",,,
"64e1025acf10732221a06ef1","64dcc1eacda9f541747a2a83",Googles48,google.com,HTTPS,10,0,0,2023-08-19 19:56:46.000,1040,200,OK,"64e1025ecf10732221a06ef3",,,
"64e10330a2ebd739c780e660","64dcc1eacda9f541747a2a83",Googles49,google.com,HTTPS,10,0,0,2023-08-19 20:00:31.000,1070,200,OK,"64e1033fa2ebd739c780e662",,,
"64e103a7bbfff6bb17986789","64dcc1eacda9f541747a2a83",Googles50,google.com,HTTPS,10,0,0,2023-08-19 20:02:31.000,1116,200,OK,"64e103b7bbfff6bb1798678b",,,
"64e1044a38c7224b171a3029","64dcc1eacda9f541747a2a83",Googles51,google.com,HTTPS,10,0,0,2023-08-19 20:05:01.000,1327,200,OK,"64e1044d38c7224b171a302b",,,
"64e104c6522632dd64a1eaeb","64dcc1eacda9f541747a2a83",Googles52,google.com,HTTPS,10,0,0,,,,,,,,
"64e10527752fe0382a4f6dd3","64dcc1eacda9f541747a2a83",Googles53,google.com,HTTPS,10,0,0,2023-08-19 20:09:46.000,1129,200,OK,"64e1056a752fe0382a4f6dda",,,
"64e1079d839d9b4842b68475","64dcc1eacda9f541747a2a83",toFail_5,url-monitoring-system.free.beeceptor.com,HTTPS,10,0,0,2023-08-19 20:19:45.000,30771,200,OK,"64e107c1839d9b4842b68477",,,
"64e107e36545ca21aaaf652f","64dcc1eacda9f541747a2a83",toFail_6,url-monitoring-system.free.beeceptor.com,HTTPS,10,0,0,,,,,,/fail,,
"64e1085319ae0166b29ea540","64dcc1eacda9f541747a2a83",toFail_7,url-monitoring-system.free.beeceptor.com,HTTPS,10,0,0,2023-08-19 20:22:15.000,828,400,Bad Request,"64e1085719ae0166b29ea542",/fail,,
"64e10ac0d7a5ab610b644033","64dcc1eacda9f541747a2a83",toFail_8,url-monitoring-system.free.beeceptor.com,HTTPS,10,0,0,2023-08-19 20:32:45.000,955,400,Bad Request,"64e10acdd7a5ab610b644035",/fail,,
"64e10b484938aba1d85f348c","64dcc1eacda9f541747a2a83",toFail_9,url-monitoring-system.free.beeceptor.com,HTTPS,10,0,0,,,,,,/fail,,
"64e10bfc5ba0038db9ef0de5","64dcc1eacda9f541747a2a83",toFail_10,url-monitoring-system.free.beeceptor.com,HTTPS,10,0,0,2023-08-19 20:38:00.000,860,400,Bad Request,"64e10c085ba0038db9ef0de8",/fail,,
"64e10ccba7755b6c413ac503","64dcc1eacda9f541747a2a83",toFail_11,url-monitoring-system.free.beeceptor.com,HTTPS,10,0,0,2023-08-19 20:41:30.000,884,400,Bad Request,"64e10cdaa7755b6c413ac506",/fail,,
"64e10d78e971feee658cf4df","64dcc1eacda9f541747a2a83",toFail_12,url-monitoring-system.free.beeceptor.com,HTTPS,10,0,0,2023-08-19 20:44:15.000,928,400,Bad Request,"64e10d7fe971feee658cf4e2",/fail,,
"64e116d7abec1e69ca87b583","64dcc1eacda9f541747a2a83",toFail_13,url-monitoring-system.free.beeceptor.com,HTTPS,10,0,0,2023-08-19 21:24:15.000,993,400,Bad Request,"64e116e0abec1e69ca87b586",/fail,,
"64e117cd6365f3dada88b18e","64dcc1eacda9f541747a2a83",toFail_14,url-monitoring-system.free.beeceptor.com,HTTPS,10,0,0,2023-08-19 21:28:16.000,1212,400,Bad Request,"64e117d06365f3dada88b191",/fail,,
"64e1186b932b53e65690f3f9","64dcc1eacda9f541747a2a83",toFail_15,url-monitoring-system.free.beeceptor.com,HTTPS,10,0,0,2023-08-19 21:31:00.000,886,400,Bad Request,"64e11874932b53e65690f3fc",/fail,,
"64e1191385e84fa46b552e1d","64dcc1eacda9f541747a2a83",toFail_16,url-monitoring-system.free.beeceptor.com,HTTPS,10,0,0,2023-08-19 21:34:46.000,1663,400,Bad Request,"64e1195685e84fa46b552e32",/fail,,
"64e11d7eabf4d69b534bf344","64dcc1eacda9f541747a2a83",toFail_17,url-monitoring-system.free.beeceptor.com,HTTPS,10,0,0,2023-08-19 21:53:00.000,660,400,Bad Request,"64e11d9cabf4d69b534bf34a",/fail,,
"64e11e8b5d586609dc22871b","64dcc1eacda9f541747a2a83",toFail_19,url-monitoring-system.free.beeceptor.com,HTTPS,10,0,1,2023-08-19 21:57:30.000,707,400,Bad Request,"64e11eaa5d586609dc228725",/fail,,
"64e11f1743afb4cd8f6a016a","64dcc1eacda9f541747a2a83",toFail_20,url-monitoring-system.free.beeceptor.com,HTTPS,10,0,1,2023-08-19 22:00:00.000,983,400,Bad Request,"64e11f4043afb4cd8f6a016d",/fail,,
"64e124a31a04081ed00bf9d3","64dcc1eacda9f541747a2a83",Googles54,google.com,HTTPS,,0,1,2023-08-19 22:25:01.000,1136,200,OK,"64e1251d1a04081ed00bf9dd",,,
"64e1261d11a7275120ece381","64dcc1eacda9f541747a2a83",Googles55,google.com,HTTPS,,0,1,2023-08-19 22:31:01.000,1705,200,OK,"64e1268511a7275120ece387",,,
"64e127559d1e0ae05ca55fce","64dcc1eacda9f541747a2a83",Googles57,google.com,HTTPS,10,0,1,2023-08-19 22:36:01.000,1042,200,OK,"64e127b19d1e0ae05ca55fd4",,,
"64e12a12f36d31e4adf279e5","64dcc1eacda9f541747a2a83",Googles58,google.com,HTTPS,10,0,1,2023-08-19 22:50:01.000,1113,200,OK,"64e12af9f36d31e4adf279f4",,,3
"64e12c610625bcf513773066","64dcc1eacda9f541747a2a83",Googles59,google.com,HTTPS,10,0,1,2023-08-19 22:59:01.000,1070,200,OK,"64e12d150625bcf513773070",,,3
"64e12d2b377076ad5e10ca4b","64dcc1eacda9f541747a2a83",Googles60,google.com,HTTPS,10,0,1,2023-08-19 23:03:01.000,1169,200,OK,"64e12e05377076ad5e10ca5a",,,2
"64e12e4e5b5670708fc96579","64dcc1eacda9f541747a2a83",Googles61,google.com,HTTPS,10,0,1,2023-08-19 23:05:01.000,1116,200,OK,"64e12e7d5b5670708fc9657c",,,2
"64e12fb9b7ffa2ba9c9216b0","64dcc1eacda9f541747a2a83",Googles62,google.com,HTTPS,10,0,1,2023-08-19 23:12:01.000,1781,200,OK,"64e13021b7ffa2ba9c9216b6",,,2
"64e139e551218f0c01b175e1","64dcc1eacda9f541747a2a83",Googles64,google.com,HTTPS,,0,0,,,,,,,,
"64e13bf4fb915e8531b0ff79","64dcc1eacda9f541747a2a83",Googles68,google.com,HTTPS,,0,0,2023-08-20 00:03:00.000,526,200,OK,"64e13c14fb915e8531b0ff83",,,
"64e13c450e7970c9bb3381a7","64dcc1eacda9f541747a2a83",Googles69,google.com,HTTPS,,0,0,2023-08-20 00:04:00.000,559,200,OK,"64e13c500e7970c9bb3381aa",,,
"64e13c76da017d73e5bb51df","64dcc1eacda9f541747a2a83",Googles70,google.com,HTTPS,,0,0,2023-08-20 00:05:06.000,1559,200,OK,"64e13c92da017d73e5bb51e5",,,
"64e13ca1b6bc6fbbfde6fda6","64dcc1eacda9f541747a2a83",Googles71,google.com,HTTPS,,0,0,2023-08-20 00:06:07.000,619,200,OK,"64e13ccfb6bc6fbbfde6fdac",,,
"64e13d0c6a3b1fdfc50a1840","64dcc1eacda9f541747a2a83",Googles72,google.com,HTTPS,,0,0,2023-08-20 00:07:15.000,975,200,OK,"64e13d136a3b1fdfc50a1843",,,
